{"overall_loss": 1.8680074214935303, "excess_loss": 1.3698721090952557, "pointwise/loss": {"0": 5.892421722412109, "1": 5.019855499267578, "2": 3.813493251800537, "3": 2.3212544918060303, "4": 1.4319677352905273, "5": 0.636503279209137, "6": 0.2570931911468506, "7": 0.36311691999435425, "8": 0.4745241105556488, "9": 0.18097767233848572, "10": 0.15687227249145508}, "n_points": 11, "n_dims": 5, "_timestamp": 1748647258, "_runtime": 4923, "_step": 5000, "_wandb": {"runtime": 5269}}